<?xml version="1.0"?>
<Settings component="StartMenu" version="4.3.1">
	<MenuStyle value="Classic1"/>
	<Computer value="Show"/>
	<Documents value="Hide"/>
	<UserFiles value="Hide"/>
	<UserDocuments value="Hide"/>
	<UserPictures value="Hide"/>
	<ControlPanel value="Show"/>
	<ControlPanelCategories value="1"/>
	<Network value="Hide"/>
	<Shutdown value="Menu"/>
	<Search value="0"/>
	<ShowAppsMenu value="0"/>
	<Help value="0"/>
	<PinnedPrograms value="FastItems"/>
	<RecentPrograms value="None"/>
	<RecentMetroApps value="0"/>
	<EnableJumplists value="0"/>
	<RemoteShutdown value="1"/>
	<StartScreenShortcut value="0"/>
	<HighlightNew value="0"/>
	<MainMenuAnimation value="None"/>
	<SubMenuAnimation value="None"/>
	<MenuShadow value="0"/>
	<EnableGlass value="0"/>
	<SkinC1 value="Smoked Glass"/>
	<SkinVariationC1 value=""/>
	<SkinOptionsC1>
		<Line>CAPTION=0</Line>
		<Line>USER_IMAGE=1</Line>
		<Line>USER_NAME=1</Line>
		<Line>CENTER_NAME=1</Line>
		<Line>SMALL_ICONS=0</Line>
		<Line>LARGE_FONT=1</Line>
		<Line>DISABLE_MASK=0</Line>
	</SkinOptionsC1>
	<EnableStartButton value="0"/>
	<StartButtonType value="CustomButton"/>
	<StartButtonPath value="%USERPROFILE%\Pictures\logo-v3.png"/>
	<StartButtonSize value="25"/>
	<StartButtonAlign value="0"/>
	<CustomTaskbar value="1"/>
	<TaskbarLook value="Glass"/>
	<SkipMetro value="1"/>
	<MenuItems1>
		<Line>Items=UserDocumentsItem,SEPARATOR,RunItem4,RunItem17,SEPARATOR,ProgramsMenu,UserFilesItem,SEPARATOR,SettingsMenu,SEPARATOR,LogOffItem,ShutdownBoxItem</Line>
		<Line>UserDocumentsItem.Label=Glissez vos raccourcis ici</Line>
		<Line>UserDocumentsItem.Icon=shell32.dll, 16805</Line>
		<Line>UserDocumentsItem.Settings=NOEXPAND</Line>
		<Line>RunItem4.Command="C:\Program Files\Mozilla Firefox\firefox.exe" https://webmail.mairie-cugnaux.fr</Line>
		<Line>RunItem4.Label=Portail Web De La Mairie</Line>
		<Line>RunItem4.Icon=shell32.dll, 14</Line>
		<Line>RunItem17.Command="C:\Program Files\Mozilla Firefox\firefox.exe" https://www.google.fr</Line>
		<Line>RunItem17.Label=Google</Line>
		<Line>RunItem17.Icon=shell32.dll, 239</Line>
		<Line>ProgramsMenu.Command=programs</Line>
		<Line>ProgramsMenu.Label=Mes Programmes</Line>
		<Line>ProgramsMenu.Tip=$Menu.ProgramsTip</Line>
		<Line>ProgramsMenu.Icon=shell32.dll, 330</Line>
		<Line>UserFilesItem.Items=RunItem16,RunItem6,RunItem7,RunItem8,RunItem14,RunItem15</Line>
		<Line>UserFilesItem.Label=Mes Fichiers</Line>
		<Line>UserFilesItem.Icon=shell32.dll, 220</Line>
		<Line>RunItem16.Command=explorer</Line>
		<Line>RunItem16.Label=Explorateur de fichiers</Line>
		<Line>RunItem16.Icon=shell32.dll, 16776</Line>
		<Line>RunItem6.Command=explorer "C:\Users\%USERNAME%\Documents"</Line>
		<Line>RunItem6.Label=Mes Documents</Line>
		<Line>RunItem6.Icon=shell32.dll, 267</Line>
		<Line>RunItem7.Command=explorer "C:\%USERNAME%\BIC\Downloads"</Line>
		<Line>RunItem7.Label=Mes Téléchargements</Line>
		<Line>RunItem7.Icon=shell32.dll, 18</Line>
		<Line>RunItem8.Command=explorer "C:\Users\%USERNAME%\Pictures"</Line>
		<Line>RunItem8.Label=Mes Images</Line>
		<Line>RunItem8.Icon=shell32.dll, 63008</Line>
		<Line>RunItem14.Command="C:\Program Files\Mozilla Firefox\firefox.exe" https://cloud.mairie-cugnaux.fr</Line>
		<Line>RunItem14.Label=Mon Cloud</Line>
		<Line>RunItem14.Icon=shell32.dll, 259</Line>
		<Line>RunItem15.Command=shell:RecycleBinFolder</Line>
		<Line>RunItem15.Label=Ma Corbeille</Line>
		<Line>RunItem15.Icon=shell32.dll, 254</Line>
		<Line>SettingsMenu.Items=ComputerItem,PCSettingsItem,ControlPanelItem,RunItem2,PCSettingsItem3,RunItem5,PrintersItem,LogOffItem2,RunItem3,RunItem9,RunItem10,RunItem11,RunItem,RunItem19,RunItem18,RunItem12,RunItem13</Line>
		<Line>SettingsMenu.Label=Support Informatique</Line>
		<Line>SettingsMenu.Icon=shell32.dll, 324</Line>
		<Line>ComputerItem.Command=computer</Line>
		<Line>ComputerItem.Label=Ce PC</Line>
		<Line>PCSettingsItem.Command=pc_settings</Line>
		<Line>PCSettingsItem.Label=$Menu.PCSettings</Line>
		<Line>PCSettingsItem.Icon=%windir%\ImmersiveControlPanel\SystemSettings.exe,10</Line>
		<Line>PCSettingsItem.Settings=TRACK_RECENT</Line>
		<Line>ControlPanelItem.Command=control_panel</Line>
		<Line>ControlPanelItem.Label=$Menu.ControlPanel</Line>
		<Line>ControlPanelItem.Tip=$Menu.ControlPanelTip</Line>
		<Line>ControlPanelItem.Icon=shell32.dll,137</Line>
		<Line>ControlPanelItem.Settings=TRACK_RECENT</Line>
		<Line>RunItem2.Command=run</Line>
		<Line>RunItem2.Label=$Menu.Run</Line>
		<Line>RunItem2.Tip=$Menu.RunTip</Line>
		<Line>RunItem2.Icon=shell32.dll,328</Line>
		<Line>PCSettingsItem3.Command=powershell -windowstyle hidden Start-Process "cmd" -Verb RunAs</Line>
		<Line>PCSettingsItem3.Label=Invite de commande</Line>
		<Line>PCSettingsItem3.Icon=shell32.dll, 284</Line>
		<Line>PCSettingsItem3.Settings=TRACK_RECENT</Line>
		<Line>RunItem5.Command=powershell Start-Process powershell -Verb runas</Line>
		<Line>RunItem5.Label=Powershell</Line>
		<Line>RunItem5.Icon=%SystemRoot%\System32\WindowsPowerShell\v1.0\powershell_ise.exe, 1</Line>
		<Line>PrintersItem.Command=printers</Line>
		<Line>PrintersItem.Label=$Menu.Printers</Line>
		<Line>PrintersItem.Tip=$Menu.PrintersTip</Line>
		<Line>PrintersItem.Icon=shell32.dll, 245</Line>
		<Line>LogOffItem2.Command=compmgmt.msc</Line>
		<Line>LogOffItem2.Label=Gestion de l'ordinateur</Line>
		<Line>LogOffItem2.Icon=shell32.dll, 8240</Line>
		<Line>RunItem3.Command=regedit</Line>
		<Line>RunItem3.Label=Editeur de registre</Line>
		<Line>RunItem3.Icon=shell32.dll, 268</Line>
		<Line>RunItem9.Command=gpedit.msc</Line>
		<Line>RunItem9.Label=Gpedit</Line>
		<Line>RunItem9.Tip=$Menu.RunTip</Line>
		<Line>RunItem9.Icon=shell32.dll, 270</Line>
		<Line>RunItem10.Command=mmc</Line>
		<Line>RunItem10.Label=Console Microsoft</Line>
		<Line>RunItem10.Icon=shell32.dll, 16782</Line>
		<Line>RunItem11.Command=cmd /K net use</Line>
		<Line>RunItem11.Label=Liste des lecteurs réseau</Line>
		<Line>RunItem11.Icon=shell32.dll, 300</Line>
		<Line>RunItem.Command=shell:startup</Line>
		<Line>RunItem.Label=Programmes au demarage</Line>
		<Line>RunItem.Icon=shell32.dll, 16739</Line>
		<Line>RunItem19.Command=wuauclt /detectnow /updatenow</Line>
		<Line>RunItem19.Label=Mettre a jour anciens Windows</Line>
		<Line>RunItem19.Tip=$Menu.RunTip</Line>
		<Line>RunItem19.Icon=shell32.dll, 16801</Line>
		<Line>RunItem18.Command=usoclient StartInteractiveScan</Line>
		<Line>RunItem18.Label=Mettre a jour Windows 10</Line>
		<Line>RunItem18.Icon=shell32.dll, 16811</Line>
		<Line>RunItem12.Command=cmd /K  ipconfig | find "IPv4"</Line>
		<Line>RunItem12.Label=Mon Adresse IP</Line>
		<Line>RunItem12.Icon=shell32.dll, 54</Line>
		<Line>RunItem13.Command=cmd /C msg "%username%" A partir de votre mail zimbra ecrivez à "hotline@mairie-cugnaux.fr</Line>
		<Line>RunItem13.Label=Contacter le support informatique</Line>
		<Line>RunItem13.Icon=shell32.dll, 279</Line>
		<Line>LogOffItem.Command=logoff</Line>
		<Line>LogOffItem.Label=$Menu.Logoff</Line>
		<Line>LogOffItem.Tip=$Menu.LogOffTip</Line>
		<Line>LogOffItem.Icon=shell32.dll,325</Line>
		<Line>ShutdownBoxItem.Command=shutdown_box</Line>
		<Line>ShutdownBoxItem.Label=$Menu.ShutdownBox</Line>
		<Line>ShutdownBoxItem.Icon=shell32.dll,329</Line>
		<Line>ShutdownBoxItem.Settings=SPLIT</Line>
	</MenuItems1>
	<EnableContextMenu value="1"/>
	<EnableExit value="0"/>
	<EnableExplorer value="0"/>
	<SoundMain value=""/>
	<SoundPopup value=""/>
	<SoundCommand value=""/>
	<SoundDrop value=""/>
</Settings>
